,subject,item,transition_start,transition_end,transition_duration,transition_start_trial,transition_end_trial,transition_duration_trial
0,0,Pencil,-1,-1,-1,-1,-1,-1
1,0,Banana,-1,-1,-1,-1,-1,-1
2,0,Karate,-1,-1,-1,-1,-1,-1
3,0,Strawberry,-1,-1,-1,-1,-1,-1
7,0,Cards,-1,-1,-1,-1,-1,-1
8,0,Corn,-1,-1,-1,-1,-1,-1
11,0,Mouse,-1,-1,-1,-1,-1,-1
17,0,Coat,-1,-1,-1,-1,-1,-1
18,0,Sweater,-1,-1,-1,-1,-1,-1
22,0,Garlic,-1,-1,-1,-1,-1,-1
26,0,Frog,-1,-1,-1,-1,-1,-1
37,0,Dolphin,-1,-1,-1,-1,-1,-1
56,0,Clock,-1,-1,-1,-1,-1,-1
57,0,Camel,-1,-1,-1,-1,-1,-1
720,1,Pencil,37,-1,-1,366,-1,-1
721,1,Banana,-1,-1,-1,-1,-1,-1
722,1,Karate,-1,-1,-1,-1,-1,-1
723,1,Strawberry,34,51,17,175,254,79
727,1,Cards,18,44,26,263,661,398
728,1,Corn,16,-1,-1,484,-1,-1
731,1,Mouse,-1,-1,-1,-1,-1,-1
737,1,Coat,8,31,23,167,608,441
738,1,Sweater,31,38,7,155,204,49
742,1,Garlic,13,37,24,209,568,359
746,1,Frog,-1,-1,-1,-1,-1,-1
757,1,Dolphin,17,45,28,168,467,299
776,1,Clock,-1,-1,-1,-1,-1,-1
777,1,Camel,-1,-1,-1,-1,-1,-1
1440,2,Pencil,0,24,24,0,241,241
1441,2,Banana,0,-1,-1,1,-1,-1
1442,2,Karate,0,15,15,2,475,473
1443,2,Strawberry,0,4,4,3,15,12
1447,2,Cards,0,37,37,7,571,564
1448,2,Corn,0,-1,-1,8,-1,-1
1451,2,Mouse,0,13,13,11,414,403
1457,2,Coat,0,21,21,17,422,405
1458,2,Sweater,0,14,14,18,82,64
1462,2,Garlic,0,21,21,22,327,305
1466,2,Frog,0,19,19,26,599,573
1477,2,Dolphin,0,25,25,37,285,248
1496,2,Clock,0,-1,-1,56,-1,-1
1497,2,Camel,0,-1,-1,57,-1,-1
2160,3,Sweater,-1,-1,-1,-1,-1,-1
2161,3,Garlic,-1,-1,-1,-1,-1,-1
2162,3,Frog,-1,-1,-1,-1,-1,-1
2163,3,Clock,-1,-1,-1,-1,-1,-1
2167,3,Dolphin,-1,-1,-1,-1,-1,-1
2168,3,Mouse,-1,-1,-1,-1,-1,-1
2171,3,Coat,-1,-1,-1,-1,-1,-1
2177,3,Cards,-1,-1,-1,-1,-1,-1
2178,3,Camel,-1,-1,-1,-1,-1,-1
2182,3,Pencil,-1,-1,-1,-1,-1,-1
2186,3,Banana,-1,-1,-1,-1,-1,-1
2197,3,Strawberry,-1,-1,-1,-1,-1,-1
2216,3,Corn,-1,-1,-1,-1,-1,-1
2217,3,Karate,-1,-1,-1,-1,-1,-1
2880,4,Sweater,9,27,18,115,250,135
2881,4,Garlic,11,-1,-1,187,-1,-1
2882,4,Frog,5,13,8,127,406,279
2883,4,Clock,3,18,15,12,84,72
2887,4,Dolphin,3,-1,-1,16,-1,-1
2888,4,Mouse,17,-1,-1,487,-1,-1
2891,4,Coat,1,8,7,14,264,250
2897,4,Cards,5,-1,-1,108,-1,-1
2898,4,Camel,2,4,2,24,30,6
2902,4,Pencil,2,26,24,28,400,372
2906,4,Banana,-1,-1,-1,-1,-1,-1
2917,4,Strawberry,1,14,13,40,161,121
2936,4,Corn,-1,-1,-1,-1,-1,-1
2937,4,Karate,3,3,0,191,191,0
3600,5,Sweater,0,51,51,0,497,497
3601,5,Garlic,0,22,22,1,434,433
3602,5,Frog,0,20,20,2,613,611
3603,5,Clock,0,8,8,3,51,48
3607,5,Dolphin,0,9,9,7,135,128
3608,5,Mouse,0,11,11,8,355,347
3611,5,Coat,0,17,17,11,532,521
3617,5,Cards,0,21,21,17,422,405
3618,5,Camel,0,14,14,18,82,64
3622,5,Pencil,0,24,24,22,368,346
3626,5,Banana,0,16,16,26,508,482
3637,5,Strawberry,0,25,25,37,285,248
3656,5,Corn,0,-1,-1,56,-1,-1
3657,5,Karate,0,-1,-1,57,-1,-1
4320,6,Camel,-1,-1,-1,-1,-1,-1
4321,6,Pencil,-1,-1,-1,-1,-1,-1
4322,6,Banana,-1,-1,-1,-1,-1,-1
4323,6,Corn,-1,-1,-1,-1,-1,-1
4327,6,Strawberry,-1,-1,-1,-1,-1,-1
4328,6,Coat,-1,-1,-1,-1,-1,-1
4331,6,Cards,-1,-1,-1,-1,-1,-1
4337,6,Dolphin,-1,-1,-1,-1,-1,-1
4338,6,Karate,-1,-1,-1,-1,-1,-1
4342,6,Sweater,-1,-1,-1,-1,-1,-1
4346,6,Garlic,-1,-1,-1,-1,-1,-1
4357,6,Clock,-1,-1,-1,-1,-1,-1
4376,6,Mouse,-1,-1,-1,-1,-1,-1
4377,6,Frog,-1,-1,-1,-1,-1,-1
5040,7,Camel,0,33,33,0,311,311
5041,7,Pencil,0,19,19,1,373,372
5042,7,Banana,0,7,7,2,188,186
5043,7,Corn,0,14,14,3,69,66
5047,7,Strawberry,0,20,20,7,307,300
5048,7,Coat,0,13,13,8,404,396
5051,7,Cards,0,-1,-1,11,-1,-1
5057,7,Dolphin,0,-1,-1,17,-1,-1
5058,7,Karate,0,10,10,18,52,34
5062,7,Sweater,0,26,26,22,400,378
5066,7,Garlic,0,20,20,26,645,619
5077,7,Clock,0,10,10,37,101,64
5096,7,Mouse,0,-1,-1,56,-1,-1
5097,7,Frog,0,-1,-1,57,-1,-1
5759,8,Camel,0,23,23,0,238,238
5760,8,Pencil,0,-1,-1,1,-1,-1
5761,8,Banana,0,-1,-1,2,-1,-1
5762,8,Corn,0,4,4,3,15,12
5766,8,Strawberry,0,5,5,7,74,67
5767,8,Coat,0,-1,-1,8,-1,-1
5770,8,Cards,0,19,19,11,584,573
5776,8,Dolphin,0,-1,-1,17,-1,-1
5777,8,Karate,0,5,5,18,36,18
5781,8,Sweater,0,13,13,22,209,187
5785,8,Garlic,0,-1,-1,26,-1,-1
5796,8,Clock,0,8,8,37,96,59
5815,8,Mouse,0,7,7,56,471,415
5816,8,Frog,0,8,8,57,493,436
6479,9,Karate,4,7,3,35,66,31
6480,9,Sweater,6,19,13,120,373,253
6481,9,Garlic,5,8,3,127,249,122
6482,9,Mouse,5,8,3,20,51,31
6486,9,Clock,3,13,10,16,194,178
6487,9,Cards,2,-1,-1,99,-1,-1
6490,9,Dolphin,4,-1,-1,136,-1,-1
6496,9,Strawberry,3,25,22,97,483,386
6497,9,Frog,2,3,1,24,27,3
6501,9,Camel,2,25,23,28,397,369
6505,9,Pencil,2,13,11,90,391,301
6516,9,Corn,5,25,20,50,285,235
6535,9,Coat,1,-1,-1,102,-1,-1
6536,9,Banana,1,-1,-1,106,-1,-1
7199,10,Karate,3,49,46,33,491,458
7200,10,Sweater,14,-1,-1,248,-1,-1
7201,10,Garlic,-1,-1,-1,-1,-1,-1
7202,10,Mouse,9,49,40,53,251,198
7206,10,Clock,5,41,36,74,638,564
7207,10,Cards,-1,-1,-1,-1,-1,-1
7210,10,Dolphin,-1,-1,-1,-1,-1,-1
7216,10,Strawberry,-1,-1,-1,-1,-1,-1
7217,10,Frog,7,38,31,39,204,165
7221,10,Camel,5,20,15,83,312,229
7225,10,Pencil,-1,-1,-1,-1,-1,-1
7236,10,Corn,5,-1,-1,50,-1,-1
7255,10,Coat,-1,-1,-1,-1,-1,-1
7256,10,Banana,-1,-1,-1,-1,-1,-1
7919,11,Karate,0,6,6,0,61,61
7920,11,Sweater,0,21,21,1,431,430
7921,11,Garlic,0,9,9,2,252,250
7922,11,Mouse,0,5,5,3,20,17
7926,11,Clock,0,9,9,7,135,128
7927,11,Cards,0,-1,-1,8,-1,-1
7930,11,Dolphin,0,11,11,11,357,346
7936,11,Strawberry,0,15,15,17,300,283
7937,11,Frog,0,5,5,18,36,18
7941,11,Camel,0,13,13,22,209,187
7945,11,Pencil,0,16,16,26,508,482
7956,11,Corn,0,7,7,37,94,57
7975,11,Coat,0,-1,-1,56,-1,-1
7976,11,Banana,0,-1,-1,57,-1,-1
8639,12,Frog,-1,-1,-1,-1,-1,-1
8640,12,Camel,-1,-1,-1,-1,-1,-1
8641,12,Pencil,-1,-1,-1,-1,-1,-1
8642,12,Coat,-1,-1,-1,-1,-1,-1
8646,12,Corn,-1,-1,-1,-1,-1,-1
8647,12,Dolphin,-1,-1,-1,-1,-1,-1
8650,12,Strawberry,-1,-1,-1,-1,-1,-1
8656,12,Clock,-1,-1,-1,-1,-1,-1
8657,12,Banana,-1,-1,-1,-1,-1,-1
8661,12,Karate,-1,-1,-1,-1,-1,-1
8665,12,Sweater,-1,-1,-1,-1,-1,-1
8676,12,Mouse,-1,-1,-1,-1,-1,-1
8695,12,Cards,-1,-1,-1,-1,-1,-1
8696,12,Garlic,-1,-1,-1,-1,-1,-1
9359,13,Frog,2,4,2,23,35,12
9360,13,Camel,1,9,8,4,181,177
9361,13,Pencil,0,9,9,2,252,250
9362,13,Coat,1,7,6,6,48,42
9366,13,Corn,0,13,13,7,194,187
9367,13,Dolphin,6,17,11,182,487,305
9370,13,Strawberry,0,3,3,11,78,67
9376,13,Clock,4,7,3,105,166,61
9377,13,Banana,2,10,8,24,52,28
9381,13,Karate,1,5,4,25,83,58
9385,13,Sweater,0,7,7,26,212,186
9396,13,Mouse,5,5,0,50,50,0
9415,13,Cards,6,-1,-1,418,-1,-1
9416,13,Garlic,7,9,2,443,589,146
10079,14,Frog,0,26,26,0,247,247
10080,14,Camel,0,-1,-1,1,-1,-1
10081,14,Pencil,0,-1,-1,2,-1,-1
10082,14,Coat,0,44,44,3,231,228
10086,14,Corn,0,-1,-1,7,-1,-1
10087,14,Dolphin,0,-1,-1,8,-1,-1
10090,14,Strawberry,0,-1,-1,11,-1,-1
10096,14,Clock,0,-1,-1,17,-1,-1
10097,14,Banana,0,70,70,18,342,324
10101,14,Karate,0,26,26,22,400,378
10105,14,Sweater,0,-1,-1,26,-1,-1
10116,14,Mouse,0,24,24,37,283,246
10135,14,Cards,0,-1,-1,56,-1,-1
10136,14,Garlic,0,-1,-1,57,-1,-1
10799,15,Banana,23,55,32,238,552,314
10800,15,Karate,5,7,2,68,123,55
10801,15,Sweater,13,18,5,406,578,172
10802,15,Cards,31,46,15,163,235,72
10806,15,Mouse,22,34,12,324,513,189
10807,15,Strawberry,9,-1,-1,243,-1,-1
10810,15,Clock,12,20,8,371,609,238
10816,15,Corn,-1,-1,-1,-1,-1,-1
10817,15,Garlic,31,48,17,155,267,112
10821,15,Frog,14,25,11,211,397,186
10825,15,Camel,-1,-1,-1,-1,-1,-1
10836,15,Coat,14,32,18,161,347,186
10855,15,Dolphin,-1,-1,-1,-1,-1,-1
10856,15,Pencil,-1,-1,-1,-1,-1,-1
11519,16,Banana,3,23,20,33,238,205
11520,16,Karate,4,10,6,65,184,119
11521,16,Sweater,3,-1,-1,63,-1,-1
11522,16,Cards,6,40,34,34,201,167
11526,16,Mouse,2,5,3,13,74,61
11527,16,Strawberry,5,-1,-1,170,-1,-1
11530,16,Clock,3,13,10,78,414,336
11536,16,Corn,1,25,24,32,483,451
11537,16,Garlic,4,30,26,30,154,124
11541,16,Frog,3,17,14,31,275,244
11545,16,Camel,3,-1,-1,93,-1,-1
11556,16,Coat,3,25,22,46,285,239
11575,16,Dolphin,0,-1,-1,56,-1,-1
11576,16,Pencil,1,-1,-1,106,-1,-1
12239,17,Banana,0,9,9,0,115,115
12240,17,Karate,0,7,7,1,123,122
12241,17,Sweater,0,5,5,2,127,125
12242,17,Cards,0,7,7,3,48,45
12246,17,Mouse,0,2,2,7,13,6
12247,17,Strawberry,0,6,6,8,182,174
12250,17,Clock,0,12,12,11,371,360
12256,17,Corn,0,18,18,17,361,344
12257,17,Garlic,0,2,2,18,24,6
12261,17,Frog,0,5,5,22,83,61
12265,17,Camel,0,7,7,26,212,186
12276,17,Coat,0,3,3,37,46,9
12295,17,Dolphin,0,3,3,56,217,161
12296,17,Pencil,0,3,3,57,191,134
12959,18,Garlic,-1,-1,-1,-1,-1,-1
12960,18,Frog,-1,-1,-1,-1,-1,-1
12961,18,Camel,-1,-1,-1,-1,-1,-1
12962,18,Dolphin,-1,-1,-1,-1,-1,-1
12966,18,Coat,-1,-1,-1,-1,-1,-1
12967,18,Clock,-1,-1,-1,-1,-1,-1
12970,18,Corn,-1,-1,-1,-1,-1,-1
12976,18,Mouse,-1,-1,-1,-1,-1,-1
12977,18,Pencil,-1,-1,-1,-1,-1,-1
12981,18,Banana,-1,-1,-1,-1,-1,-1
12985,18,Karate,-1,-1,-1,-1,-1,-1
12996,18,Cards,-1,-1,-1,-1,-1,-1
13015,18,Strawberry,-1,-1,-1,-1,-1,-1
13016,18,Sweater,-1,-1,-1,-1,-1,-1
13679,19,Garlic,3,4,1,33,35,2
13680,19,Frog,3,10,7,62,184,122
13681,19,Camel,5,11,6,127,316,189
13682,19,Dolphin,3,7,4,12,48,36
13686,19,Coat,3,9,6,16,135,119
13687,19,Clock,6,19,13,182,583,401
13690,19,Corn,3,-1,-1,78,-1,-1
13696,19,Mouse,3,20,17,97,419,322
13697,19,Pencil,4,4,0,30,30,0
13701,19,Banana,3,43,40,31,650,619
13705,19,Karate,3,5,2,93,151,58
13716,19,Cards,1,39,38,40,401,361
13735,19,Strawberry,10,-1,-1,614,-1,-1
13736,19,Sweater,5,-1,-1,353,-1,-1
14399,20,Garlic,0,59,59,0,593,593
14400,20,Frog,0,-1,-1,1,-1,-1
14401,20,Camel,0,-1,-1,2,-1,-1
14402,20,Dolphin,0,6,6,3,34,31
14406,20,Coat,0,17,17,7,260,253
14407,20,Clock,0,-1,-1,8,-1,-1
14410,20,Corn,0,-1,-1,11,-1,-1
14416,20,Mouse,0,19,19,17,364,347
14417,20,Pencil,0,23,23,18,118,100
14421,20,Banana,0,-1,-1,22,-1,-1
14425,20,Karate,0,13,13,26,391,365
14436,20,Cards,0,46,46,37,476,439
14455,20,Strawberry,0,-1,-1,56,-1,-1
14456,20,Sweater,0,-1,-1,57,-1,-1
15119,21,Pencil,-1,-1,-1,-1,-1,-1
15120,21,Banana,-1,-1,-1,-1,-1,-1
15121,21,Karate,-1,-1,-1,-1,-1,-1
15122,21,Strawberry,-1,-1,-1,-1,-1,-1
15126,21,Cards,-1,-1,-1,-1,-1,-1
15127,21,Corn,-1,-1,-1,-1,-1,-1
15130,21,Mouse,-1,-1,-1,-1,-1,-1
15136,21,Coat,-1,-1,-1,-1,-1,-1
15137,21,Sweater,-1,-1,-1,-1,-1,-1
15141,21,Garlic,-1,-1,-1,-1,-1,-1
15145,21,Frog,-1,-1,-1,-1,-1,-1
15156,21,Dolphin,-1,-1,-1,-1,-1,-1
15175,21,Clock,-1,-1,-1,-1,-1,-1
15176,21,Camel,-1,-1,-1,-1,-1,-1
15839,22,Pencil,4,18,14,35,180,145
15840,22,Banana,7,27,20,123,556,433
15841,22,Karate,3,7,4,63,188,125
15842,22,Strawberry,2,4,2,9,15,6
15846,22,Cards,5,29,24,74,449,375
15847,22,Corn,8,-1,-1,240,-1,-1
15850,22,Mouse,3,8,5,78,264,186
15856,22,Coat,5,21,16,108,422,314
15857,22,Sweater,6,14,8,38,82,44
15861,22,Garlic,5,-1,-1,83,-1,-1
15865,22,Frog,3,14,11,93,438,345
15876,22,Dolphin,3,19,16,46,221,175
15895,22,Clock,-1,-1,-1,-1,-1,-1
15896,22,Camel,-1,-1,-1,-1,-1,-1
16559,23,Pencil,0,17,17,0,177,177
16560,23,Banana,0,-1,-1,1,-1,-1
16561,23,Karate,0,18,18,2,578,576
16562,23,Strawberry,0,11,11,3,59,56
16566,23,Cards,0,44,44,7,661,654
16567,23,Corn,0,-1,-1,8,-1,-1
16570,23,Mouse,0,9,9,11,288,277
16576,23,Coat,0,28,28,17,548,531
16577,23,Sweater,0,31,31,18,155,137
16581,23,Garlic,0,-1,-1,22,-1,-1
16585,23,Frog,0,-1,-1,26,-1,-1
16596,23,Dolphin,0,59,59,37,591,554
16615,23,Clock,0,-1,-1,56,-1,-1
16616,23,Camel,0,-1,-1,57,-1,-1
17279,24,Sweater,10,53,43,116,531,415
17280,24,Garlic,11,29,18,187,575,388
17281,24,Frog,19,19,0,597,597,0
17282,24,Clock,23,25,2,119,131,12
17286,24,Dolphin,11,21,10,141,321,180
17287,24,Mouse,17,-1,-1,487,-1,-1
17290,24,Coat,10,13,3,315,414,99
17296,24,Cards,22,29,7,425,561,136
17297,24,Camel,4,8,4,30,42,12
17301,24,Pencil,13,-1,-1,209,-1,-1
17305,24,Banana,11,-1,-1,340,-1,-1
17316,24,Strawberry,14,25,11,161,285,124
17335,24,Corn,-1,-1,-1,-1,-1,-1
17336,24,Karate,-1,-1,-1,-1,-1,-1
17999,25,Sweater,9,22,13,115,236,121
18000,25,Garlic,10,21,11,184,431,247
18001,25,Frog,5,14,9,127,435,308
18002,25,Clock,3,6,3,12,34,22
18006,25,Dolphin,3,24,21,16,380,364
18007,25,Mouse,8,18,10,240,565,325
18010,25,Coat,3,15,12,78,473,395
18016,25,Cards,5,10,5,108,219,111
18017,25,Camel,7,8,1,39,42,3
18021,25,Pencil,5,36,31,83,566,483
18025,25,Banana,17,-1,-1,535,-1,-1
18036,25,Strawberry,5,25,20,50,285,235
18055,25,Corn,6,-1,-1,418,-1,-1
18056,25,Karate,6,9,3,388,589,201
18719,26,Sweater,0,22,22,0,236,236
18720,26,Garlic,0,16,16,1,309,308
18721,26,Frog,0,9,9,2,252,250
18722,26,Clock,0,8,8,3,51,48
18726,26,Dolphin,0,6,6,7,77,70
18727,26,Mouse,0,12,12,8,362,354
18730,26,Coat,0,6,6,11,200,189
18736,26,Cards,0,17,17,17,356,339
18737,26,Camel,0,4,4,18,30,12
18741,26,Pencil,0,10,10,22,150,128
18745,26,Banana,0,12,12,26,386,360
18756,26,Strawberry,0,19,19,37,221,184
18775,26,Corn,0,9,9,56,595,539
18776,26,Karate,0,3,3,57,191,134
19439,27,Camel,11,44,33,117,427,310
19440,27,Pencil,9,25,16,181,498,317
19441,27,Banana,9,-1,-1,252,-1,-1
19442,27,Corn,10,10,0,55,55,0
19446,27,Strawberry,18,-1,-1,263,-1,-1
19447,27,Coat,-1,-1,-1,-1,-1,-1
19450,27,Cards,18,-1,-1,562,-1,-1
19456,27,Dolphin,8,28,20,167,548,381
19457,27,Karate,10,10,0,52,52,0
19461,27,Sweater,22,29,7,328,458,130
19465,27,Garlic,-1,-1,-1,-1,-1,-1
19476,27,Clock,15,25,10,162,285,123
19495,27,Mouse,-1,-1,-1,-1,-1,-1
19496,27,Frog,-1,-1,-1,-1,-1,-1
20159,28,Camel,0,13,13,0,125,125
20160,28,Pencil,0,-1,-1,1,-1,-1
20161,28,Banana,0,11,11,2,316,314
20162,28,Corn,0,21,21,3,110,107
20166,28,Strawberry,0,5,5,7,74,67
20167,28,Coat,0,16,16,8,484,476
20170,28,Cards,0,18,18,11,562,551
20176,28,Dolphin,0,14,14,17,293,276
20177,28,Karate,0,7,7,18,39,21
20181,28,Sweater,0,11,11,22,153,131
20185,28,Garlic,0,4,4,26,148,122
20196,28,Clock,0,1,1,37,40,3
20215,28,Mouse,0,-1,-1,56,-1,-1
20216,28,Frog,0,-1,-1,57,-1,-1
20879,29,Camel,0,9,9,0,115,115
20880,29,Pencil,0,6,6,1,120,119
20881,29,Banana,0,5,5,2,127,125
20882,29,Corn,0,8,8,3,51,48
20886,29,Strawberry,0,9,9,7,135,128
20887,29,Coat,0,11,11,8,355,347
20890,29,Cards,0,8,8,11,264,253
20896,29,Dolphin,0,7,7,17,166,149
20897,29,Karate,0,11,11,18,58,40
20901,29,Sweater,0,11,11,22,153,131
20905,29,Garlic,0,5,5,26,151,125
20916,29,Clock,0,14,14,37,161,124
20935,29,Mouse,0,1,1,56,102,46
20936,29,Frog,0,-1,-1,57,-1,-1
21599,30,Karate,-1,-1,-1,-1,-1,-1
21600,30,Sweater,-1,-1,-1,-1,-1,-1
21601,30,Garlic,-1,-1,-1,-1,-1,-1
21602,30,Mouse,-1,-1,-1,-1,-1,-1
21606,30,Clock,-1,-1,-1,-1,-1,-1
21607,30,Cards,-1,-1,-1,-1,-1,-1
21610,30,Dolphin,-1,-1,-1,-1,-1,-1
21616,30,Strawberry,-1,-1,-1,-1,-1,-1
21617,30,Frog,-1,-1,-1,-1,-1,-1
21621,30,Camel,-1,-1,-1,-1,-1,-1
21625,30,Pencil,-1,-1,-1,-1,-1,-1
21636,30,Corn,-1,-1,-1,-1,-1,-1
21655,30,Coat,-1,-1,-1,-1,-1,-1
21656,30,Banana,-1,-1,-1,-1,-1,-1
22319,31,Karate,-1,-1,-1,-1,-1,-1
22320,31,Sweater,-1,-1,-1,-1,-1,-1
22321,31,Garlic,-1,-1,-1,-1,-1,-1
22322,31,Mouse,-1,-1,-1,-1,-1,-1
22326,31,Clock,-1,-1,-1,-1,-1,-1
22327,31,Cards,-1,-1,-1,-1,-1,-1
22330,31,Dolphin,-1,-1,-1,-1,-1,-1
22336,31,Strawberry,-1,-1,-1,-1,-1,-1
22337,31,Frog,-1,-1,-1,-1,-1,-1
22341,31,Camel,-1,-1,-1,-1,-1,-1
22345,31,Pencil,-1,-1,-1,-1,-1,-1
22356,31,Corn,-1,-1,-1,-1,-1,-1
22375,31,Coat,-1,-1,-1,-1,-1,-1
22376,31,Banana,-1,-1,-1,-1,-1,-1
23039,32,Karate,0,9,9,0,115,115
23040,32,Sweater,0,32,32,1,655,654
23041,32,Garlic,0,-1,-1,2,-1,-1
23042,32,Mouse,0,18,18,3,84,81
23046,32,Clock,0,20,20,7,307,300
23047,32,Cards,0,-1,-1,8,-1,-1
23050,32,Dolphin,0,17,17,11,532,521
23056,32,Strawberry,0,19,19,17,364,347
23057,32,Frog,0,15,15,18,85,67
23061,32,Camel,0,17,17,22,275,253
23065,32,Pencil,0,-1,-1,26,-1,-1
23076,32,Corn,0,25,25,37,285,248
23095,32,Coat,0,-1,-1,56,-1,-1
23096,32,Banana,0,-1,-1,57,-1,-1
23759,33,Frog,-1,-1,-1,-1,-1,-1
23760,33,Camel,-1,-1,-1,-1,-1,-1
23761,33,Pencil,-1,-1,-1,-1,-1,-1
23762,33,Coat,-1,-1,-1,-1,-1,-1
23766,33,Corn,-1,-1,-1,-1,-1,-1
23767,33,Dolphin,-1,-1,-1,-1,-1,-1
23770,33,Strawberry,-1,-1,-1,-1,-1,-1
23776,33,Clock,-1,-1,-1,-1,-1,-1
23777,33,Banana,-1,-1,-1,-1,-1,-1
23781,33,Karate,-1,-1,-1,-1,-1,-1
23785,33,Sweater,-1,-1,-1,-1,-1,-1
23796,33,Mouse,-1,-1,-1,-1,-1,-1
23815,33,Cards,-1,-1,-1,-1,-1,-1
23816,33,Garlic,-1,-1,-1,-1,-1,-1
24479,34,Frog,3,10,7,33,116,83
24480,34,Camel,14,27,13,248,556,308
24481,34,Pencil,-1,-1,-1,-1,-1,-1
24482,34,Coat,28,33,5,140,174,34
24486,34,Corn,13,29,16,194,449,255
24487,34,Dolphin,16,-1,-1,484,-1,-1
24490,34,Strawberry,7,10,3,203,315,112
24496,34,Clock,8,24,16,167,480,313
24497,34,Banana,31,36,5,155,190,35
24501,34,Karate,13,37,24,209,568,359
24505,34,Sweater,-1,-1,-1,-1,-1,-1
24516,34,Mouse,14,32,18,161,347,186
24535,34,Cards,-1,-1,-1,-1,-1,-1
24536,34,Garlic,-1,-1,-1,-1,-1,-1
25199,35,Frog,0,9,9,0,115,115
25200,35,Camel,0,14,14,1,248,247
25201,35,Pencil,0,-1,-1,2,-1,-1
25202,35,Coat,0,9,9,3,53,50
25206,35,Corn,0,22,22,7,324,317
25207,35,Dolphin,0,17,17,8,487,479
25210,35,Strawberry,0,12,12,11,371,360
25216,35,Clock,0,13,13,17,270,253
25217,35,Banana,0,12,12,18,72,54
25221,35,Karate,0,5,5,22,83,61
25225,35,Sweater,0,-1,-1,26,-1,-1
25236,35,Mouse,0,7,7,37,94,57
25255,35,Cards,0,-1,-1,56,-1,-1
25256,35,Garlic,0,-1,-1,57,-1,-1
25919,36,Banana,11,30,19,117,302,185
25920,36,Karate,11,20,9,187,398,211
25921,36,Sweater,17,-1,-1,536,-1,-1
25922,36,Cards,1,5,4,6,20,14
25926,36,Mouse,13,21,8,194,321,127
25927,36,Strawberry,5,11,6,170,355,185
25930,36,Clock,6,19,13,200,584,384
25936,36,Corn,8,18,10,167,361,194
25937,36,Garlic,3,49,46,27,268,241
25941,36,Frog,13,-1,-1,209,-1,-1
25945,36,Camel,0,3,3,26,93,67
25956,36,Coat,13,25,12,160,285,125
25975,36,Dolphin,-1,-1,-1,-1,-1,-1
25976,36,Pencil,-1,-1,-1,-1,-1,-1
26639,37,Banana,9,37,28,115,366,251
26640,37,Karate,4,7,3,65,123,58
26641,37,Sweater,5,10,5,127,310,183
26642,37,Cards,3,24,21,12,128,116
26646,37,Mouse,6,13,7,77,194,117
26647,37,Strawberry,8,-1,-1,240,-1,-1
26650,37,Clock,3,-1,-1,78,-1,-1
26656,37,Corn,5,-1,-1,108,-1,-1
26657,37,Garlic,7,30,23,39,154,115
26661,37,Frog,1,26,25,25,400,375
26665,37,Camel,13,-1,-1,391,-1,-1
26676,37,Coat,4,52,48,49,523,474
26695,37,Dolphin,-1,-1,-1,-1,-1,-1
26696,37,Pencil,-1,-1,-1,-1,-1,-1
27359,38,Banana,0,-1,-1,0,-1,-1
27360,38,Karate,0,-1,-1,1,-1,-1
27361,38,Sweater,0,-1,-1,2,-1,-1
27362,38,Cards,0,81,81,3,411,408
27366,38,Mouse,0,42,42,7,642,635
27367,38,Strawberry,0,-1,-1,8,-1,-1
27370,38,Clock,0,-1,-1,11,-1,-1
27376,38,Corn,0,-1,-1,17,-1,-1
27377,38,Garlic,0,54,54,18,279,261
27381,38,Frog,0,29,29,22,458,436
27385,38,Camel,0,-1,-1,26,-1,-1
27396,38,Coat,0,59,59,37,591,554
27415,38,Dolphin,0,-1,-1,56,-1,-1
27416,38,Pencil,0,-1,-1,57,-1,-1
28079,39,Garlic,10,44,34,116,427,311
28080,39,Frog,5,19,14,68,373,305
28081,39,Camel,11,-1,-1,316,-1,-1
28082,39,Dolphin,8,8,0,51,51,0
28086,39,Coat,7,21,14,80,321,241
28087,39,Clock,11,-1,-1,355,-1,-1
28090,39,Corn,9,-1,-1,288,-1,-1
28096,39,Mouse,8,31,23,167,608,441
28097,39,Pencil,28,28,0,149,149,0
28101,39,Banana,14,17,3,211,275,64
28105,39,Karate,10,17,7,334,535,201
28116,39,Cards,5,32,27,50,347,297
28135,39,Strawberry,5,-1,-1,349,-1,-1
28136,39,Sweater,5,-1,-1,353,-1,-1
28799,40,Garlic,9,35,26,115,343,228
28800,40,Frog,10,17,7,184,318,134
28801,40,Camel,11,14,3,316,435,119
28802,40,Dolphin,6,6,0,34,34,0
28806,40,Coat,13,17,4,194,260,66
28807,40,Clock,17,19,2,487,583,96
28810,40,Corn,-1,-1,-1,-1,-1,-1
28816,40,Mouse,5,25,20,108,483,375
28817,40,Pencil,6,36,30,38,190,152
28821,40,Banana,5,43,38,83,650,567
28825,40,Karate,11,-1,-1,340,-1,-1
28836,40,Cards,7,33,26,94,348,254
28855,40,Strawberry,2,-1,-1,173,-1,-1
28856,40,Sweater,-1,-1,-1,-1,-1,-1
29519,41,Garlic,0,7,7,0,66,66
29520,41,Frog,0,5,5,1,68,67
29521,41,Camel,0,8,8,2,249,247
29522,41,Dolphin,0,7,7,3,48,45
29526,41,Coat,0,5,5,7,74,67
29527,41,Clock,0,9,9,8,243,235
29530,41,Corn,0,15,15,11,473,462
29536,41,Mouse,0,1,1,17,32,15
29537,41,Pencil,0,5,5,18,36,18
29541,41,Banana,0,25,25,22,397,375
29545,41,Karate,0,3,3,26,93,67
29556,41,Cards,0,5,5,37,50,13
29575,41,Strawberry,0,6,6,56,418,362
29576,41,Sweater,0,-1,-1,57,-1,-1
